{"https://dwolla.com":{"score":82,"numberResources":54,"numberStaticResources":27,"speedIndex":8854,"loadTime":11495,"renderTime":8186.5,"pageSize":485165,"numberJsResources":10,"jsResponseBytes":74733,"numberCssResources":3,"cssResponseBytes":94111,"numberImageResources":28,"imageResponseBytes":229492,"numberOtherResources":7,"otherResponseBytes":3120},"https://dwolla.com/login":{"score":85,"numberResources":45,"numberStaticResources":18,"speedIndex":4302,"loadTime":5654,"renderTime":4980,"pageSize":196566,"numberJsResources":20,"jsResponseBytes":90168,"numberCssResources":3,"cssResponseBytes":13086,"numberImageResources":12,"imageResponseBytes":6973,"numberOtherResources":7,"otherResponseBytes":3125},"https://dwolla.com/about":{"score":81,"numberResources":61,"numberStaticResources":23,"speedIndex":12232,"loadTime":15494,"renderTime":13576.5,"pageSize":588605,"numberJsResources":12,"jsResponseBytes":126323,"numberCssResources":4,"cssResponseBytes":149328,"numberImageResources":29,"imageResponseBytes":227600,"numberOtherResources":2,"otherResponseBytes":132},"https://dwolla.com/register":{"score":81,"numberResources":51,"numberStaticResources":23,"speedIndex":1513,"loadTime":5175,"renderTime":3712.5,"pageSize":269143,"numberJsResources":20,"jsResponseBytes":160567,"numberCssResources":3,"cssResponseBytes":12943,"numberImageResources":13,"imageResponseBytes":7337,"numberOtherResources":6,"otherResponseBytes":3128}}