{"https://dwolla.com":{"score":82,"numberResources":54,"numberStaticResources":27,"speedIndex":2088,"loadTime":3627,"renderTime":2480.5,"pageSize":467096,"numberJsResources":11,"jsResponseBytes":74544,"numberCssResources":3,"cssResponseBytes":76098,"numberImageResources":32,"imageResponseBytes":229627,"numberOtherResources":7,"otherResponseBytes":3120},"https://dwolla.com/login":{"score":85,"numberResources":45,"numberStaticResources":18,"speedIndex":1606,"loadTime":2881,"renderTime":2228,"pageSize":193458,"numberJsResources":15,"jsResponseBytes":86875,"numberCssResources":3,"cssResponseBytes":13131,"numberImageResources":12,"imageResponseBytes":7101,"numberOtherResources":6,"otherResponseBytes":3125},"https://dwolla.com/about":{"score":81,"numberResources":61,"numberStaticResources":23,"speedIndex":1644,"loadTime":3910,"renderTime":2421,"pageSize":603809,"numberJsResources":15,"jsResponseBytes":132218,"numberCssResources":4,"cssResponseBytes":149249,"numberImageResources":35,"imageResponseBytes":232211,"numberOtherResources":7,"otherResponseBytes":3125},"https://dwolla.com/register":{"score":81,"numberResources":51,"numberStaticResources":23,"speedIndex":1706,"loadTime":3278.5,"renderTime":2448,"pageSize":265869,"numberJsResources":20,"jsResponseBytes":157968,"numberCssResources":3,"cssResponseBytes":13079,"numberImageResources":13,"imageResponseBytes":7606,"numberOtherResources":6,"otherResponseBytes":3128}}