{"https://dwolla.com":{"score":82,"numberResources":54,"numberStaticResources":27,"speedIndex":2062,"loadTime":3447.5,"renderTime":2319,"pageSize":485076,"numberJsResources":11,"jsResponseBytes":74486,"numberCssResources":3,"cssResponseBytes":94142,"numberImageResources":32,"imageResponseBytes":229620,"numberOtherResources":7,"otherResponseBytes":3120},"https://dwolla.com/login":{"score":85,"numberResources":45,"numberStaticResources":18,"speedIndex":1805,"loadTime":3108,"renderTime":2480.5,"pageSize":197098,"numberJsResources":15,"jsResponseBytes":90555,"numberCssResources":3,"cssResponseBytes":13101,"numberImageResources":12,"imageResponseBytes":7101,"numberOtherResources":7,"otherResponseBytes":3125},"https://dwolla.com/about":{"score":81,"numberResources":61,"numberStaticResources":23,"speedIndex":2378,"loadTime":4655.5,"renderTime":3168.5,"pageSize":585589,"numberJsResources":15,"jsResponseBytes":132122,"numberCssResources":4,"cssResponseBytes":131125,"numberImageResources":35,"imageResponseBytes":232210,"numberOtherResources":7,"otherResponseBytes":3125},"https://dwolla.com/register":{"score":81,"numberResources":51,"numberStaticResources":23,"speedIndex":2110,"loadTime":3936.5,"renderTime":2871,"pageSize":270069,"numberJsResources":20,"jsResponseBytes":162175,"numberCssResources":3,"cssResponseBytes":13041,"numberImageResources":13,"imageResponseBytes":7609,"numberOtherResources":6,"otherResponseBytes":3128}}