{"https://dwolla.com":{"score":82,"numberResources":54,"numberStaticResources":27,"speedIndex":1884,"loadTime":3216.5,"renderTime":2356,"pageSize":467006,"numberJsResources":11,"jsResponseBytes":74493,"numberCssResources":3,"cssResponseBytes":76069,"numberImageResources":32,"imageResponseBytes":229623,"numberOtherResources":7,"otherResponseBytes":3120},"https://dwolla.com/login":{"score":85,"numberResources":45,"numberStaticResources":18,"speedIndex":1904,"loadTime":3145,"renderTime":2532,"pageSize":193907,"numberJsResources":20,"jsResponseBytes":87506,"numberCssResources":3,"cssResponseBytes":12959,"numberImageResources":12,"imageResponseBytes":7102,"numberOtherResources":7,"otherResponseBytes":3125},"https://dwolla.com/about":{"score":81,"numberResources":61,"numberStaticResources":23,"speedIndex":1838,"loadTime":3918,"renderTime":2560.5,"pageSize":585575,"numberJsResources":14,"jsResponseBytes":132070,"numberCssResources":4,"cssResponseBytes":131169,"numberImageResources":32,"imageResponseBytes":232211,"numberOtherResources":7,"otherResponseBytes":3125},"https://dwolla.com/register":{"score":81,"numberResources":51,"numberStaticResources":23,"speedIndex":1707,"loadTime":3370,"renderTime":2467,"pageSize":254765,"numberJsResources":18,"jsResponseBytes":156155,"numberCssResources":3,"cssResponseBytes":13089,"numberImageResources":6,"imageResponseBytes":3041,"numberOtherResources":1,"otherResponseBytes":135}}