{"https://dwolla.com":{"score":82,"numberResources":54,"numberStaticResources":27,"speedIndex":2418,"loadTime":4045,"renderTime":2722.5,"pageSize":485320,"numberJsResources":11,"jsResponseBytes":74779,"numberCssResources":3,"cssResponseBytes":94094,"numberImageResources":32,"imageResponseBytes":229622,"numberOtherResources":7,"otherResponseBytes":3120},"https://dwolla.com/login":{"score":85,"numberResources":45,"numberStaticResources":18,"speedIndex":1808,"loadTime":3192,"renderTime":2525,"pageSize":196724,"numberJsResources":20,"jsResponseBytes":90314,"numberCssResources":3,"cssResponseBytes":12962,"numberImageResources":12,"imageResponseBytes":7101,"numberOtherResources":7,"otherResponseBytes":3125},"https://dwolla.com/about":{"score":81,"numberResources":61,"numberStaticResources":23,"speedIndex":2137,"loadTime":4313,"renderTime":2973.5,"pageSize":603733,"numberJsResources":15,"jsResponseBytes":132257,"numberCssResources":4,"cssResponseBytes":149132,"numberImageResources":35,"imageResponseBytes":232211,"numberOtherResources":7,"otherResponseBytes":3125},"https://dwolla.com/register":{"score":81,"numberResources":51,"numberStaticResources":23,"speedIndex":1708,"loadTime":3372,"renderTime":2435.5,"pageSize":270041,"numberJsResources":20,"jsResponseBytes":162253,"numberCssResources":3,"cssResponseBytes":12959,"numberImageResources":13,"imageResponseBytes":7606,"numberOtherResources":6,"otherResponseBytes":3128}}