{"https://dwolla.com":{"score":82,"numberResources":54,"numberStaticResources":27,"speedIndex":1979,"loadTime":3240,"renderTime":2326.5,"pageSize":466928,"numberJsResources":11,"jsResponseBytes":74275,"numberCssResources":3,"cssResponseBytes":76196,"numberImageResources":32,"imageResponseBytes":229628,"numberOtherResources":7,"otherResponseBytes":3120},"https://dwolla.com/login":{"score":85,"numberResources":45,"numberStaticResources":18,"speedIndex":1507,"loadTime":2923,"renderTime":2207.5,"pageSize":197373,"numberJsResources":15,"jsResponseBytes":90867,"numberCssResources":3,"cssResponseBytes":13050,"numberImageResources":12,"imageResponseBytes":7104,"numberOtherResources":6,"otherResponseBytes":3125},"https://dwolla.com/about":{"score":81,"numberResources":61,"numberStaticResources":23,"speedIndex":2052,"loadTime":4491,"renderTime":2758,"pageSize":604915,"numberJsResources":14,"jsResponseBytes":133278,"numberCssResources":4,"cssResponseBytes":149289,"numberImageResources":32,"imageResponseBytes":232215,"numberOtherResources":7,"otherResponseBytes":3125},"https://dwolla.com/register":{"score":81,"numberResources":51,"numberStaticResources":23,"speedIndex":1906,"loadTime":3439.5,"renderTime":2618.5,"pageSize":270870,"numberJsResources":20,"jsResponseBytes":162916,"numberCssResources":3,"cssResponseBytes":13122,"numberImageResources":13,"imageResponseBytes":7609,"numberOtherResources":6,"otherResponseBytes":3128}}