{"https://dwolla.com":{"score":82,"numberResources":54,"numberStaticResources":27,"speedIndex":2220,"loadTime":3677.5,"renderTime":2460,"pageSize":485123,"numberJsResources":11,"jsResponseBytes":74513,"numberCssResources":3,"cssResponseBytes":94157,"numberImageResources":32,"imageResponseBytes":229624,"numberOtherResources":7,"otherResponseBytes":3120},"https://dwolla.com/login":{"score":85,"numberResources":45,"numberStaticResources":18,"speedIndex":1808,"loadTime":3278.5,"renderTime":2483,"pageSize":197617,"numberJsResources":15,"jsResponseBytes":91057,"numberCssResources":3,"cssResponseBytes":13110,"numberImageResources":12,"imageResponseBytes":7103,"numberOtherResources":6,"otherResponseBytes":3125},"https://dwolla.com/about":{"score":81,"numberResources":61,"numberStaticResources":23,"speedIndex":2258,"loadTime":4694.5,"renderTime":3207,"pageSize":603714,"numberJsResources":15,"jsResponseBytes":132122,"numberCssResources":4,"cssResponseBytes":149245,"numberImageResources":35,"imageResponseBytes":232214,"numberOtherResources":7,"otherResponseBytes":3125},"https://dwolla.com/register":{"score":81,"numberResources":51,"numberStaticResources":23,"speedIndex":1608,"loadTime":3097,"renderTime":2298,"pageSize":271418,"numberJsResources":20,"jsResponseBytes":163402,"numberCssResources":3,"cssResponseBytes":13158,"numberImageResources":13,"imageResponseBytes":7608,"numberOtherResources":6,"otherResponseBytes":3128}}