{"https://dwolla.com":{"score":82,"numberResources":54,"numberStaticResources":27,"speedIndex":2058,"loadTime":3296.5,"renderTime":2269,"pageSize":486136,"numberJsResources":10,"jsResponseBytes":75492,"numberCssResources":3,"cssResponseBytes":94189,"numberImageResources":28,"imageResponseBytes":229626,"numberOtherResources":7,"otherResponseBytes":3120},"https://dwolla.com/login":{"score":85,"numberResources":45,"numberStaticResources":18,"speedIndex":1504,"loadTime":2702,"renderTime":2119.5,"pageSize":197525,"numberJsResources":15,"jsResponseBytes":91009,"numberCssResources":3,"cssResponseBytes":13069,"numberImageResources":12,"imageResponseBytes":7103,"numberOtherResources":6,"otherResponseBytes":3125},"https://dwolla.com/about":{"score":81,"numberResources":61,"numberStaticResources":23,"speedIndex":2034,"loadTime":4317.5,"renderTime":2752.5,"pageSize":603550,"numberJsResources":15,"jsResponseBytes":132055,"numberCssResources":4,"cssResponseBytes":149148,"numberImageResources":36,"imageResponseBytes":232213,"numberOtherResources":7,"otherResponseBytes":3125},"https://dwolla.com/register":{"score":81,"numberResources":51,"numberStaticResources":23,"speedIndex":2108,"loadTime":3765,"renderTime":2846.5,"pageSize":271191,"numberJsResources":20,"jsResponseBytes":163310,"numberCssResources":3,"cssResponseBytes":13025,"numberImageResources":13,"imageResponseBytes":7607,"numberOtherResources":6,"otherResponseBytes":3128}}