{"https://dwolla.com":{"score":82,"numberResources":54,"numberStaticResources":27,"speedIndex":2181,"loadTime":3764,"renderTime":2571,"pageSize":466760,"numberJsResources":11,"jsResponseBytes":74260,"numberCssResources":3,"cssResponseBytes":76046,"numberImageResources":32,"imageResponseBytes":229625,"numberOtherResources":7,"otherResponseBytes":3120},"https://dwolla.com/login":{"score":85,"numberResources":45,"numberStaticResources":18,"speedIndex":1606,"loadTime":2893,"renderTime":2280,"pageSize":193965,"numberJsResources":15,"jsResponseBytes":87378,"numberCssResources":3,"cssResponseBytes":13138,"numberImageResources":12,"imageResponseBytes":7104,"numberOtherResources":6,"otherResponseBytes":3125},"https://dwolla.com/about":{"score":81,"numberResources":61,"numberStaticResources":23,"speedIndex":2352,"loadTime":4990.5,"renderTime":3159,"pageSize":585929,"numberJsResources":15,"jsResponseBytes":132344,"numberCssResources":4,"cssResponseBytes":131234,"numberImageResources":35,"imageResponseBytes":232215,"numberOtherResources":7,"otherResponseBytes":3125},"https://dwolla.com/register":{"score":81,"numberResources":51,"numberStaticResources":23,"speedIndex":1906,"loadTime":3523.5,"renderTime":2626.5,"pageSize":267289,"numberJsResources":20,"jsResponseBytes":159253,"numberCssResources":3,"cssResponseBytes":13180,"numberImageResources":13,"imageResponseBytes":7607,"numberOtherResources":6,"otherResponseBytes":3128}}