{"https://dwolla.com":{"score":82,"numberResources":54,"numberStaticResources":27,"speedIndex":2218,"loadTime":3524,"renderTime":2411,"pageSize":485079,"numberJsResources":11,"jsResponseBytes":74498,"numberCssResources":3,"cssResponseBytes":94045,"numberImageResources":32,"imageResponseBytes":229708,"numberOtherResources":7,"otherResponseBytes":3120},"https://dwolla.com/login":{"score":85,"numberResources":45,"numberStaticResources":18,"speedIndex":1405,"loadTime":2655.5,"renderTime":2049,"pageSize":201292,"numberJsResources":15,"jsResponseBytes":90961,"numberCssResources":3,"cssResponseBytes":16749,"numberImageResources":12,"imageResponseBytes":7233,"numberOtherResources":6,"otherResponseBytes":3125},"https://dwolla.com/about":{"score":81,"numberResources":61,"numberStaticResources":23,"speedIndex":1945,"loadTime":4335.5,"renderTime":2768,"pageSize":603679,"numberJsResources":15,"jsResponseBytes":132071,"numberCssResources":4,"cssResponseBytes":149173,"numberImageResources":35,"imageResponseBytes":232303,"numberOtherResources":7,"otherResponseBytes":3125},"https://dwolla.com/register":{"score":81,"numberResources":51,"numberStaticResources":23,"speedIndex":1606,"loadTime":2961,"renderTime":2289.5,"pageSize":274678,"numberJsResources":20,"jsResponseBytes":163113,"numberCssResources":3,"cssResponseBytes":16620,"numberImageResources":13,"imageResponseBytes":7701,"numberOtherResources":6,"otherResponseBytes":3128}}