{"https://dwolla.com":{"score":82,"numberResources":54,"numberStaticResources":27,"speedIndex":9572,"loadTime":14293,"renderTime":11396,"pageSize":465991,"numberJsResources":10,"jsResponseBytes":73633,"numberCssResources":3,"cssResponseBytes":76036,"numberImageResources":32,"imageResponseBytes":229495,"numberOtherResources":7,"otherResponseBytes":3120},"https://dwolla.com/login":{"score":85,"numberResources":45,"numberStaticResources":18,"speedIndex":1505,"loadTime":4032.5,"renderTime":2185.5,"pageSize":192885,"numberJsResources":15,"jsResponseBytes":86559,"numberCssResources":3,"cssResponseBytes":13018,"numberImageResources":12,"imageResponseBytes":6968,"numberOtherResources":6,"otherResponseBytes":3125},"https://dwolla.com/about":{"score":81,"numberResources":61,"numberStaticResources":23,"speedIndex":1929,"loadTime":5511.5,"renderTime":2624.5,"pageSize":602954,"numberJsResources":15,"jsResponseBytes":131470,"numberCssResources":4,"cssResponseBytes":149275,"numberImageResources":36,"imageResponseBytes":232077,"numberOtherResources":7,"otherResponseBytes":3125},"https://dwolla.com/register":{"score":81,"numberResources":51,"numberStaticResources":23,"speedIndex":1810,"loadTime":5048,"renderTime":3777,"pageSize":265256,"numberJsResources":20,"jsResponseBytes":157372,"numberCssResources":3,"cssResponseBytes":13142,"numberImageResources":13,"imageResponseBytes":7515,"numberOtherResources":6,"otherResponseBytes":3128}}