{"https://dwolla.com":{"score":82,"numberResources":54,"numberStaticResources":27,"speedIndex":9980,"loadTime":13168.5,"renderTime":8876,"pageSize":484870,"numberJsResources":10,"jsResponseBytes":74399,"numberCssResources":3,"cssResponseBytes":94111,"numberImageResources":28,"imageResponseBytes":229531,"numberOtherResources":7,"otherResponseBytes":3120},"https://dwolla.com/login":{"score":85,"numberResources":45,"numberStaticResources":18,"speedIndex":3019,"loadTime":7639.5,"renderTime":5013,"pageSize":193136,"numberJsResources":15,"jsResponseBytes":86979,"numberCssResources":3,"cssResponseBytes":13060,"numberImageResources":12,"imageResponseBytes":7010,"numberOtherResources":6,"otherResponseBytes":3125},"https://dwolla.com/about":{"score":81,"numberResources":61,"numberStaticResources":23,"speedIndex":4770,"loadTime":9718.5,"renderTime":6106.5,"pageSize":603611,"numberJsResources":13,"jsResponseBytes":132094,"numberCssResources":4,"cssResponseBytes":149262,"numberImageResources":32,"imageResponseBytes":232122,"numberOtherResources":7,"otherResponseBytes":3125},"https://dwolla.com/register":{"score":81,"numberResources":51,"numberStaticResources":23,"speedIndex":22013,"loadTime":24271,"renderTime":22773,"pageSize":269050,"numberJsResources":20,"jsResponseBytes":161277,"numberCssResources":3,"cssResponseBytes":13037,"numberImageResources":13,"imageResponseBytes":7517,"numberOtherResources":6,"otherResponseBytes":3128}}