{"https://dwolla.com":{"score":82,"numberResources":54,"numberStaticResources":27,"speedIndex":2891,"loadTime":9565,"renderTime":6185,"pageSize":466153,"numberJsResources":11,"jsResponseBytes":73747,"numberCssResources":3,"cssResponseBytes":76091,"numberImageResources":32,"imageResponseBytes":229490,"numberOtherResources":7,"otherResponseBytes":3120},"https://dwolla.com/login":{"score":85,"numberResources":45,"numberStaticResources":18,"speedIndex":1641,"loadTime":9283,"renderTime":5159.5,"pageSize":196380,"numberJsResources":15,"jsResponseBytes":90149,"numberCssResources":3,"cssResponseBytes":13128,"numberImageResources":12,"imageResponseBytes":7010,"numberOtherResources":6,"otherResponseBytes":3125},"https://dwolla.com/about":{"score":81,"numberResources":61,"numberStaticResources":23,"speedIndex":1868,"loadTime":8941.5,"renderTime":3823,"pageSize":585492,"numberJsResources":13,"jsResponseBytes":132368,"numberCssResources":4,"cssResponseBytes":131163,"numberImageResources":32,"imageResponseBytes":231829,"numberOtherResources":7,"otherResponseBytes":3125},"https://dwolla.com/register":{"score":81,"numberResources":51,"numberStaticResources":23,"speedIndex":2537,"loadTime":7042.5,"renderTime":3218.5,"pageSize":323942,"numberJsResources":22,"jsResponseBytes":216112,"numberCssResources":3,"cssResponseBytes":13071,"numberImageResources":13,"imageResponseBytes":7515,"numberOtherResources":6,"otherResponseBytes":3128}}