{"https://dwolla.com":{"score":82,"numberResources":54,"numberStaticResources":27,"speedIndex":2479,"loadTime":5598.5,"renderTime":2934,"pageSize":466462,"numberJsResources":11,"jsResponseBytes":74078,"numberCssResources":3,"cssResponseBytes":76019,"numberImageResources":32,"imageResponseBytes":229536,"numberOtherResources":7,"otherResponseBytes":3120},"https://dwolla.com/login":{"score":85,"numberResources":45,"numberStaticResources":18,"speedIndex":2115,"loadTime":15469,"renderTime":3361.5,"pageSize":196682,"numberJsResources":15,"jsResponseBytes":90626,"numberCssResources":3,"cssResponseBytes":12956,"numberImageResources":12,"imageResponseBytes":7010,"numberOtherResources":6,"otherResponseBytes":3125},"https://dwolla.com/about":{"score":81,"numberResources":61,"numberStaticResources":23,"speedIndex":6038,"loadTime":9703.5,"renderTime":7506.5,"pageSize":549231,"numberJsResources":15,"jsResponseBytes":132903,"numberCssResources":3,"cssResponseBytes":94115,"numberImageResources":35,"imageResponseBytes":232080,"numberOtherResources":7,"otherResponseBytes":3125},"https://dwolla.com/register":{"score":81,"numberResources":51,"numberStaticResources":23,"speedIndex":6608,"loadTime":8178.5,"renderTime":7312.5,"pageSize":324174,"numberJsResources":22,"jsResponseBytes":216384,"numberCssResources":3,"cssResponseBytes":13067,"numberImageResources":13,"imageResponseBytes":7478,"numberOtherResources":6,"otherResponseBytes":3128}}