{"https://dwolla.com":{"score":82,"numberResources":54,"numberStaticResources":27,"speedIndex":7188,"loadTime":10732,"renderTime":7730.5,"pageSize":484801,"numberJsResources":11,"jsResponseBytes":74326,"numberCssResources":3,"cssResponseBytes":94155,"numberImageResources":32,"imageResponseBytes":229492,"numberOtherResources":7,"otherResponseBytes":3120},"https://dwolla.com/login":{"score":85,"numberResources":45,"numberStaticResources":18,"speedIndex":1705,"loadTime":2916,"renderTime":2309.5,"pageSize":197001,"numberJsResources":15,"jsResponseBytes":90571,"numberCssResources":3,"cssResponseBytes":13122,"numberImageResources":12,"imageResponseBytes":6970,"numberOtherResources":6,"otherResponseBytes":3125},"https://dwolla.com/about":{"score":81,"numberResources":61,"numberStaticResources":23,"speedIndex":1635,"loadTime":4048,"renderTime":2360,"pageSize":604208,"numberJsResources":13,"jsResponseBytes":132793,"numberCssResources":4,"cssResponseBytes":149165,"numberImageResources":32,"imageResponseBytes":232118,"numberOtherResources":7,"otherResponseBytes":3125},"https://dwolla.com/register":{"score":81,"numberResources":51,"numberStaticResources":23,"speedIndex":1708,"loadTime":3282.5,"renderTime":2425.5,"pageSize":269244,"numberJsResources":20,"jsResponseBytes":161397,"numberCssResources":3,"cssResponseBytes":13122,"numberImageResources":13,"imageResponseBytes":7475,"numberOtherResources":6,"otherResponseBytes":3128}}