{"https://dwolla.com":{"score":82,"numberResources":54,"numberStaticResources":27,"speedIndex":2516,"loadTime":4145,"renderTime":2673.5,"pageSize":466885,"numberJsResources":11,"jsResponseBytes":74462,"numberCssResources":3,"cssResponseBytes":75969,"numberImageResources":32,"imageResponseBytes":229626,"numberOtherResources":7,"otherResponseBytes":3120},"https://dwolla.com/login":{"score":85,"numberResources":45,"numberStaticResources":18,"speedIndex":1706,"loadTime":3167.5,"renderTime":2415.5,"pageSize":200805,"numberJsResources":15,"jsResponseBytes":90741,"numberCssResources":3,"cssResponseBytes":16627,"numberImageResources":12,"imageResponseBytes":7101,"numberOtherResources":6,"otherResponseBytes":3125},"https://dwolla.com/about":{"score":81,"numberResources":61,"numberStaticResources":23,"speedIndex":1944,"loadTime":4289,"renderTime":2795,"pageSize":603749,"numberJsResources":15,"jsResponseBytes":132163,"numberCssResources":4,"cssResponseBytes":149243,"numberImageResources":35,"imageResponseBytes":232210,"numberOtherResources":7,"otherResponseBytes":3125},"https://dwolla.com/register":{"score":81,"numberResources":51,"numberStaticResources":23,"speedIndex":2208,"loadTime":4079,"renderTime":3020.5,"pageSize":250304,"numberJsResources":18,"jsResponseBytes":151782,"numberCssResources":3,"cssResponseBytes":13033,"numberImageResources":6,"imageResponseBytes":3043,"numberOtherResources":1,"otherResponseBytes":135}}