{"https://dwolla.com":{"score":82,"numberResources":54,"numberStaticResources":27,"speedIndex":2144,"loadTime":3940,"renderTime":2674,"pageSize":485071,"numberJsResources":11,"jsResponseBytes":74439,"numberCssResources":3,"cssResponseBytes":94179,"numberImageResources":32,"imageResponseBytes":229625,"numberOtherResources":7,"otherResponseBytes":3120},"https://dwolla.com/login":{"score":85,"numberResources":45,"numberStaticResources":18,"speedIndex":1606,"loadTime":3005.5,"renderTime":2322,"pageSize":197230,"numberJsResources":15,"jsResponseBytes":90599,"numberCssResources":3,"cssResponseBytes":13184,"numberImageResources":12,"imageResponseBytes":7103,"numberOtherResources":6,"otherResponseBytes":3125},"https://dwolla.com/about":{"score":81,"numberResources":61,"numberStaticResources":23,"speedIndex":2034,"loadTime":4825,"renderTime":2766.5,"pageSize":603526,"numberJsResources":15,"jsResponseBytes":132062,"numberCssResources":4,"cssResponseBytes":149126,"numberImageResources":35,"imageResponseBytes":232207,"numberOtherResources":7,"otherResponseBytes":3125},"https://dwolla.com/register":{"score":81,"numberResources":51,"numberStaticResources":23,"speedIndex":1809,"loadTime":3709.5,"renderTime":2621.5,"pageSize":269854,"numberJsResources":20,"jsResponseBytes":161926,"numberCssResources":3,"cssResponseBytes":13093,"numberImageResources":13,"imageResponseBytes":7607,"numberOtherResources":6,"otherResponseBytes":3128}}