{"https://dwolla.com":{"score":82,"numberResources":54,"numberStaticResources":27,"speedIndex":2334,"loadTime":4255,"renderTime":2791.5,"pageSize":466729,"numberJsResources":11,"jsResponseBytes":74147,"numberCssResources":3,"cssResponseBytes":76128,"numberImageResources":32,"imageResponseBytes":229626,"numberOtherResources":7,"otherResponseBytes":3120},"https://dwolla.com/login":{"score":85,"numberResources":45,"numberStaticResources":18,"speedIndex":1706,"loadTime":3337.5,"renderTime":2547,"pageSize":196915,"numberJsResources":15,"jsResponseBytes":90513,"numberCssResources":3,"cssResponseBytes":12951,"numberImageResources":12,"imageResponseBytes":7103,"numberOtherResources":7,"otherResponseBytes":3125},"https://dwolla.com/about":{"score":81,"numberResources":61,"numberStaticResources":23,"speedIndex":1757,"loadTime":3692,"renderTime":2455.5,"pageSize":603492,"numberJsResources":15,"jsResponseBytes":131966,"numberCssResources":4,"cssResponseBytes":149186,"numberImageResources":35,"imageResponseBytes":232208,"numberOtherResources":7,"otherResponseBytes":3125},"https://dwolla.com/register":{"score":81,"numberResources":51,"numberStaticResources":23,"speedIndex":2009,"loadTime":3812.5,"renderTime":2707.5,"pageSize":269739,"numberJsResources":20,"jsResponseBytes":161857,"numberCssResources":3,"cssResponseBytes":13022,"numberImageResources":13,"imageResponseBytes":7609,"numberOtherResources":7,"otherResponseBytes":3128}}