{"https://dwolla.com":{"score":82,"numberResources":54,"numberStaticResources":27,"speedIndex":2394,"loadTime":3770.5,"renderTime":2684.5,"pageSize":464805,"numberJsResources":9,"jsResponseBytes":72702,"numberCssResources":3,"cssResponseBytes":70174,"numberImageResources":28,"imageResponseBytes":235102,"numberOtherResources":13,"otherResponseBytes":3120},"https://dwolla.com/login":{"score":85,"numberResources":45,"numberStaticResources":18,"speedIndex":1710,"loadTime":3391,"renderTime":2370,"pageSize":193622,"numberJsResources":15,"jsResponseBytes":88873,"numberCssResources":3,"cssResponseBytes":11728,"numberImageResources":12,"imageResponseBytes":6715,"numberOtherResources":6,"otherResponseBytes":3125},"https://dwolla.com/about":{"score":81,"numberResources":61,"numberStaticResources":23,"speedIndex":2159,"loadTime":4198,"renderTime":2545.5,"pageSize":609056,"numberJsResources":12,"jsResponseBytes":125288,"numberCssResources":4,"cssResponseBytes":136932,"numberImageResources":32,"imageResponseBytes":256768,"numberOtherResources":13,"otherResponseBytes":3125},"https://dwolla.com/register":{"score":84,"numberResources":48,"numberStaticResources":22,"speedIndex":1212,"loadTime":2506.5,"renderTime":1611,"pageSize":215779,"numberJsResources":19,"jsResponseBytes":110299,"numberCssResources":3,"cssResponseBytes":11728,"numberImageResources":12,"imageResponseBytes":6720,"numberOtherResources":5,"otherResponseBytes":2993}}