{"https://dwolla.com":{"score":82,"numberResources":54,"numberStaticResources":27,"speedIndex":2261,"loadTime":3703,"renderTime":2656.5,"pageSize":464869,"numberJsResources":9,"jsResponseBytes":72764,"numberCssResources":3,"cssResponseBytes":70174,"numberImageResources":28,"imageResponseBytes":235106,"numberOtherResources":13,"otherResponseBytes":3120},"https://dwolla.com/login":{"score":85,"numberResources":45,"numberStaticResources":18,"speedIndex":1714,"loadTime":3311.5,"renderTime":2374.5,"pageSize":190172,"numberJsResources":15,"jsResponseBytes":85424,"numberCssResources":3,"cssResponseBytes":11729,"numberImageResources":12,"imageResponseBytes":6714,"numberOtherResources":6,"otherResponseBytes":3125},"https://dwolla.com/about":{"score":81,"numberResources":61,"numberStaticResources":23,"speedIndex":2450,"loadTime":4985.5,"renderTime":3805.5,"pageSize":592659,"numberJsResources":12,"jsResponseBytes":125395,"numberCssResources":4,"cssResponseBytes":120429,"numberImageResources":32,"imageResponseBytes":256769,"numberOtherResources":14,"otherResponseBytes":3125},"https://dwolla.com/register":{"score":84,"numberResources":48,"numberStaticResources":22,"speedIndex":1520,"loadTime":3108.5,"renderTime":1989,"pageSize":212827,"numberJsResources":19,"jsResponseBytes":107311,"numberCssResources":3,"cssResponseBytes":11729,"numberImageResources":12,"imageResponseBytes":6757,"numberOtherResources":5,"otherResponseBytes":2993}}