{"https://dwolla.com":{"score":82,"numberResources":54,"numberStaticResources":27,"speedIndex":2385,"loadTime":3666,"renderTime":2570,"pageSize":481421,"numberJsResources":9,"jsResponseBytes":72890,"numberCssResources":3,"cssResponseBytes":86605,"numberImageResources":28,"imageResponseBytes":235102,"numberOtherResources":13,"otherResponseBytes":3120},"https://dwolla.com/login":{"score":85,"numberResources":45,"numberStaticResources":18,"speedIndex":1611,"loadTime":2951.5,"renderTime":2289.5,"pageSize":193818,"numberJsResources":15,"jsResponseBytes":89061,"numberCssResources":3,"cssResponseBytes":11730,"numberImageResources":12,"imageResponseBytes":6712,"numberOtherResources":6,"otherResponseBytes":3125},"https://dwolla.com/about":{"score":81,"numberResources":61,"numberStaticResources":23,"speedIndex":1852,"loadTime":3573,"renderTime":2403,"pageSize":609170,"numberJsResources":12,"jsResponseBytes":125474,"numberCssResources":4,"cssResponseBytes":136860,"numberImageResources":32,"imageResponseBytes":256771,"numberOtherResources":13,"otherResponseBytes":3125},"https://dwolla.com/register":{"score":84,"numberResources":48,"numberStaticResources":22,"speedIndex":1317,"loadTime":2903.5,"renderTime":1797,"pageSize":216441,"numberJsResources":19,"jsResponseBytes":110913,"numberCssResources":3,"cssResponseBytes":11730,"numberImageResources":12,"imageResponseBytes":6717,"numberOtherResources":5,"otherResponseBytes":2993}}