{"https://dwolla.com":{"score":82,"numberResources":54,"numberStaticResources":27,"speedIndex":2317,"loadTime":3908.5,"renderTime":2724.5,"pageSize":482235,"numberJsResources":9,"jsResponseBytes":73383,"numberCssResources":3,"cssResponseBytes":86922,"numberImageResources":28,"imageResponseBytes":235103,"numberOtherResources":13,"otherResponseBytes":3120},"https://dwolla.com/login":{"score":85,"numberResources":45,"numberStaticResources":18,"speedIndex":1706,"loadTime":3046,"renderTime":2404.5,"pageSize":179476,"numberJsResources":13,"jsResponseBytes":83514,"numberCssResources":3,"cssResponseBytes":11930,"numberImageResources":5,"imageResponseBytes":2492,"numberOtherResources":1,"otherResponseBytes":132},"https://dwolla.com/about":{"score":81,"numberResources":61,"numberStaticResources":23,"speedIndex":7035,"loadTime":9268.5,"renderTime":7771.5,"pageSize":593185,"numberJsResources":12,"jsResponseBytes":125891,"numberCssResources":4,"cssResponseBytes":120455,"numberImageResources":32,"imageResponseBytes":256772,"numberOtherResources":14,"otherResponseBytes":3125},"https://dwolla.com/register":{"score":84,"numberResources":48,"numberStaticResources":22,"speedIndex":1306,"loadTime":2559,"renderTime":1765.5,"pageSize":217363,"numberJsResources":19,"jsResponseBytes":111711,"numberCssResources":3,"cssResponseBytes":11871,"numberImageResources":12,"imageResponseBytes":6719,"numberOtherResources":5,"otherResponseBytes":2993}}