{"https://dwolla.com":{"score":82,"numberResources":54,"numberStaticResources":27,"speedIndex":2081,"loadTime":3541,"renderTime":2348.5,"pageSize":483049,"numberJsResources":9,"jsResponseBytes":74357,"numberCssResources":3,"cssResponseBytes":86760,"numberImageResources":28,"imageResponseBytes":235105,"numberOtherResources":8,"otherResponseBytes":3120},"https://dwolla.com/login":{"score":85,"numberResources":45,"numberStaticResources":18,"speedIndex":1605,"loadTime":2947.5,"renderTime":2291.5,"pageSize":194227,"numberJsResources":15,"jsResponseBytes":89351,"numberCssResources":3,"cssResponseBytes":11858,"numberImageResources":12,"imageResponseBytes":6714,"numberOtherResources":6,"otherResponseBytes":3125},"https://dwolla.com/about":{"score":81,"numberResources":61,"numberStaticResources":23,"speedIndex":7036,"loadTime":8972,"renderTime":7814,"pageSize":609682,"numberJsResources":12,"jsResponseBytes":125741,"numberCssResources":4,"cssResponseBytes":137101,"numberImageResources":32,"imageResponseBytes":256771,"numberOtherResources":14,"otherResponseBytes":3125},"https://dwolla.com/register":{"score":84,"numberResources":48,"numberStaticResources":22,"speedIndex":1007,"loadTime":2327,"renderTime":1483.5,"pageSize":217032,"numberJsResources":19,"jsResponseBytes":111717,"numberCssResources":3,"cssResponseBytes":11798,"numberImageResources":12,"imageResponseBytes":6720,"numberOtherResources":5,"otherResponseBytes":2993}}