{"https://dwolla.com":{"score":82,"numberResources":54,"numberStaticResources":27,"speedIndex":2081,"loadTime":3193,"renderTime":2344,"pageSize":481837,"numberJsResources":9,"jsResponseBytes":73155,"numberCssResources":3,"cssResponseBytes":86752,"numberImageResources":28,"imageResponseBytes":235103,"numberOtherResources":13,"otherResponseBytes":3120},"https://dwolla.com/login":{"score":85,"numberResources":45,"numberStaticResources":18,"speedIndex":1506,"loadTime":2829.5,"renderTime":2218,"pageSize":190724,"numberJsResources":15,"jsResponseBytes":85907,"numberCssResources":3,"cssResponseBytes":11788,"numberImageResources":12,"imageResponseBytes":6714,"numberOtherResources":6,"otherResponseBytes":3125},"https://dwolla.com/about":{"score":81,"numberResources":61,"numberStaticResources":23,"speedIndex":1832,"loadTime":3849,"renderTime":2497,"pageSize":609801,"numberJsResources":12,"jsResponseBytes":125837,"numberCssResources":4,"cssResponseBytes":137122,"numberImageResources":32,"imageResponseBytes":256773,"numberOtherResources":13,"otherResponseBytes":3125},"https://dwolla.com/register":{"score":84,"numberResources":48,"numberStaticResources":22,"speedIndex":1106,"loadTime":3629.5,"renderTime":2978,"pageSize":198569,"numberJsResources":17,"jsResponseBytes":101859,"numberCssResources":3,"cssResponseBytes":11911,"numberImageResources":5,"imageResponseBytes":2497,"numberOtherResources":0,"otherResponseBytes":0}}