{"https://dwolla.com":{"score":82,"numberResources":54,"numberStaticResources":27,"speedIndex":2373,"loadTime":3805,"renderTime":2614,"pageSize":481821,"numberJsResources":9,"jsResponseBytes":73061,"numberCssResources":3,"cssResponseBytes":86827,"numberImageResources":28,"imageResponseBytes":235105,"numberOtherResources":13,"otherResponseBytes":3120},"https://dwolla.com/login":{"score":85,"numberResources":45,"numberStaticResources":18,"speedIndex":1705,"loadTime":2923,"renderTime":2443.5,"pageSize":179389,"numberJsResources":13,"jsResponseBytes":83487,"numberCssResources":3,"cssResponseBytes":11867,"numberImageResources":5,"imageResponseBytes":2494,"numberOtherResources":2,"otherResponseBytes":132},"https://dwolla.com/about":{"score":81,"numberResources":61,"numberStaticResources":23,"speedIndex":1933,"loadTime":4214.5,"renderTime":2675,"pageSize":609528,"numberJsResources":12,"jsResponseBytes":125682,"numberCssResources":4,"cssResponseBytes":137005,"numberImageResources":32,"imageResponseBytes":256773,"numberOtherResources":13,"otherResponseBytes":3125},"https://dwolla.com/register":{"score":84,"numberResources":48,"numberStaticResources":22,"speedIndex":1309,"loadTime":2889,"renderTime":1811,"pageSize":217337,"numberJsResources":19,"jsResponseBytes":111728,"numberCssResources":3,"cssResponseBytes":11807,"numberImageResources":12,"imageResponseBytes":6716,"numberOtherResources":5,"otherResponseBytes":2993}}