{"https://dwolla.com":{"score":82,"numberResources":54,"numberStaticResources":27,"speedIndex":2425,"loadTime":4155.5,"renderTime":2827,"pageSize":465331,"numberJsResources":9,"jsResponseBytes":73421,"numberCssResources":3,"cssResponseBytes":70232,"numberImageResources":28,"imageResponseBytes":235106,"numberOtherResources":13,"otherResponseBytes":3120},"https://dwolla.com/login":{"score":85,"numberResources":45,"numberStaticResources":18,"speedIndex":7006,"loadTime":8491,"renderTime":7713,"pageSize":190600,"numberJsResources":15,"jsResponseBytes":85841,"numberCssResources":3,"cssResponseBytes":11983,"numberImageResources":12,"imageResponseBytes":6714,"numberOtherResources":6,"otherResponseBytes":3125},"https://dwolla.com/about":{"score":81,"numberResources":61,"numberStaticResources":23,"speedIndex":1744,"loadTime":4043,"renderTime":2533.5,"pageSize":609961,"numberJsResources":12,"jsResponseBytes":126155,"numberCssResources":4,"cssResponseBytes":136968,"numberImageResources":32,"imageResponseBytes":256771,"numberOtherResources":13,"otherResponseBytes":3125},"https://dwolla.com/register":{"score":84,"numberResources":48,"numberStaticResources":22,"speedIndex":1207,"loadTime":2493.5,"renderTime":1691.5,"pageSize":217106,"numberJsResources":19,"jsResponseBytes":111369,"numberCssResources":3,"cssResponseBytes":11945,"numberImageResources":12,"imageResponseBytes":6717,"numberOtherResources":5,"otherResponseBytes":2993}}