{"https://dwolla.com":{"score":{"lastChanged":{"lastValue":75,"currentValue":82,"direction":"up","date":"2014-05-12T13:49:14.706Z"}},"minMax":{"speedIndex":{"min":0,"max":17344},"loadTime":{"min":3193,"max":27529},"renderTime":{"min":2241,"max":20630.5},"pageSize":{"min":0,"max":486136}}},"https://dwolla.com/login":{"score":{"lastChanged":{"lastValue":85,"currentValue":85,"direction":"up","date":"2014-04-22T21:57:07.108Z"}},"minMax":{"speedIndex":{"min":1405,"max":9405},"loadTime":{"min":2655.5,"max":15469},"renderTime":{"min":2049,"max":10138.5},"pageSize":{"min":179352,"max":201292}}},"https://dwolla.com/about":{"score":{"lastChanged":{"lastValue":81,"currentValue":81,"direction":"up","date":"2014-04-22T21:57:07.108Z"}},"minMax":{"speedIndex":{"min":1635,"max":37901},"loadTime":{"min":3573,"max":59136},"renderTime":{"min":2357.5,"max":38874},"pageSize":{"min":524685,"max":614551}}},"https://dwolla.com/register":{"score":{"lastChanged":{"lastValue":84,"currentValue":81,"direction":"down","date":"2014-05-08T13:13:09.547Z"}},"minMax":{"speedIndex":{"min":1007,"max":22013},"loadTime":{"min":2283,"max":25456},"renderTime":{"min":1483.5,"max":22773},"pageSize":{"min":198569,"max":324600}}}}