{"https://dwolla.com":{"score":82,"numberResources":54,"numberStaticResources":27,"speedIndex":2225,"loadTime":3657,"renderTime":2499,"pageSize":482498,"numberJsResources":9,"jsResponseBytes":74096,"numberCssResources":3,"cssResponseBytes":86726,"numberImageResources":28,"imageResponseBytes":235103,"numberOtherResources":8,"otherResponseBytes":3120},"https://dwolla.com/login":{"score":85,"numberResources":45,"numberStaticResources":18,"speedIndex":1807,"loadTime":3378.5,"renderTime":2523.5,"pageSize":194160,"numberJsResources":15,"jsResponseBytes":89324,"numberCssResources":3,"cssResponseBytes":11808,"numberImageResources":12,"imageResponseBytes":6716,"numberOtherResources":6,"otherResponseBytes":3125},"https://dwolla.com/about":{"score":81,"numberResources":61,"numberStaticResources":23,"speedIndex":1831,"loadTime":3775,"renderTime":2473,"pageSize":609669,"numberJsResources":12,"jsResponseBytes":125914,"numberCssResources":4,"cssResponseBytes":137170,"numberImageResources":32,"imageResponseBytes":256770,"numberOtherResources":13,"otherResponseBytes":3125},"https://dwolla.com/register":{"score":84,"numberResources":48,"numberStaticResources":22,"speedIndex":6407,"loadTime":7713.5,"renderTime":6847,"pageSize":217262,"numberJsResources":19,"jsResponseBytes":111885,"numberCssResources":3,"cssResponseBytes":11831,"numberImageResources":12,"imageResponseBytes":6718,"numberOtherResources":5,"otherResponseBytes":2993}}