{"https://dwolla.com":{"score":75,"numberResources":54,"numberStaticResources":27,"speedIndex":2080,"loadTime":4707.5,"renderTime":2320,"pageSize":461195,"numberJsResources":9,"jsResponseBytes":74934,"numberCssResources":3,"cssResponseBytes":86724,"numberImageResources":28,"imageResponseBytes":212709,"numberOtherResources":8,"otherResponseBytes":3120},"https://dwolla.com/login":{"score":85,"numberResources":45,"numberStaticResources":18,"speedIndex":9405,"loadTime":11159.5,"renderTime":10138.5,"pageSize":196570,"numberJsResources":15,"jsResponseBytes":90182,"numberCssResources":3,"cssResponseBytes":13041,"numberImageResources":12,"imageResponseBytes":7010,"numberOtherResources":6,"otherResponseBytes":3125},"https://dwolla.com/about":{"score":81,"numberResources":61,"numberStaticResources":23,"speedIndex":37901,"loadTime":59136,"renderTime":38874,"pageSize":538972,"numberJsResources":12,"jsResponseBytes":129972,"numberCssResources":3,"cssResponseBytes":86792,"numberImageResources":32,"imageResponseBytes":232139,"numberOtherResources":9,"otherResponseBytes":3125},"https://dwolla.com/register":{"score":81,"numberResources":51,"numberStaticResources":23,"speedIndex":3417,"loadTime":6522.5,"renderTime":4657,"pageSize":268538,"numberJsResources":20,"jsResponseBytes":160667,"numberCssResources":3,"cssResponseBytes":13064,"numberImageResources":13,"imageResponseBytes":7552,"numberOtherResources":6,"otherResponseBytes":3128}}