{"https://dwolla.com":{"score":82,"numberResources":54,"numberStaticResources":27,"speedIndex":3244,"loadTime":8739.5,"renderTime":5171.5,"pageSize":429319,"numberJsResources":7,"jsResponseBytes":68835,"numberCssResources":3,"cssResponseBytes":70235,"numberImageResources":21,"imageResponseBytes":208199,"numberOtherResources":3,"otherResponseBytes":127},"https://dwolla.com/login":{"score":85,"numberResources":45,"numberStaticResources":18,"speedIndex":8606,"loadTime":11987.5,"renderTime":9245,"pageSize":196616,"numberJsResources":15,"jsResponseBytes":90298,"numberCssResources":3,"cssResponseBytes":12962,"numberImageResources":12,"imageResponseBytes":7008,"numberOtherResources":6,"otherResponseBytes":3125},"https://dwolla.com/about":{"score":81,"numberResources":61,"numberStaticResources":23,"speedIndex":3190,"loadTime":15708,"renderTime":4653,"pageSize":573594,"numberJsResources":12,"jsResponseBytes":130862,"numberCssResources":4,"cssResponseBytes":120524,"numberImageResources":32,"imageResponseBytes":232139,"numberOtherResources":9,"otherResponseBytes":3125},"https://dwolla.com/register":{"score":81,"numberResources":51,"numberStaticResources":23,"speedIndex":9308,"loadTime":11032,"renderTime":10103,"pageSize":267654,"numberJsResources":20,"jsResponseBytes":159806,"numberCssResources":3,"cssResponseBytes":13049,"numberImageResources":13,"imageResponseBytes":7554,"numberOtherResources":15,"otherResponseBytes":3128}}