{"https://dwolla.com":{"score":82,"numberResources":54,"numberStaticResources":27,"speedIndex":2529,"loadTime":5140,"renderTime":3057,"pageSize":443569,"numberJsResources":9,"jsResponseBytes":73657,"numberCssResources":3,"cssResponseBytes":70330,"numberImageResources":28,"imageResponseBytes":212755,"numberOtherResources":13,"otherResponseBytes":3120},"https://dwolla.com/login":{"score":85,"numberResources":45,"numberStaticResources":18,"speedIndex":2614,"loadTime":4809.5,"renderTime":3306,"pageSize":196120,"numberJsResources":15,"jsResponseBytes":89648,"numberCssResources":3,"cssResponseBytes":13077,"numberImageResources":12,"imageResponseBytes":7047,"numberOtherResources":6,"otherResponseBytes":3125},"https://dwolla.com/about":{"score":81,"numberResources":61,"numberStaticResources":23,"speedIndex":6146,"loadTime":10216.5,"renderTime":6879,"pageSize":590016,"numberJsResources":12,"jsResponseBytes":130825,"numberCssResources":4,"cssResponseBytes":136985,"numberImageResources":32,"imageResponseBytes":232137,"numberOtherResources":8,"otherResponseBytes":3125},"https://dwolla.com/register":{"score":81,"numberResources":51,"numberStaticResources":23,"speedIndex":6107,"loadTime":8693,"renderTime":6799,"pageSize":267850,"numberJsResources":20,"jsResponseBytes":159972,"numberCssResources":3,"cssResponseBytes":13153,"numberImageResources":13,"imageResponseBytes":7512,"numberOtherResources":6,"otherResponseBytes":3128}}