{"https://dwolla.com":{"score":82,"numberResources":54,"numberStaticResources":27,"speedIndex":3286,"loadTime":4771.5,"renderTime":3589,"pageSize":461159,"numberJsResources":9,"jsResponseBytes":74798,"numberCssResources":3,"cssResponseBytes":86822,"numberImageResources":28,"imageResponseBytes":212712,"numberOtherResources":8,"otherResponseBytes":3120},"https://dwolla.com/login":{"score":85,"numberResources":45,"numberStaticResources":18,"speedIndex":2819,"loadTime":10420,"renderTime":7928.5,"pageSize":198686,"numberJsResources":15,"jsResponseBytes":88689,"numberCssResources":3,"cssResponseBytes":16602,"numberImageResources":12,"imageResponseBytes":7047,"numberOtherResources":6,"otherResponseBytes":3125},"https://dwolla.com/about":{"score":81,"numberResources":61,"numberStaticResources":23,"speedIndex":14923,"loadTime":20253.5,"renderTime":15556,"pageSize":572913,"numberJsResources":12,"jsResponseBytes":130025,"numberCssResources":4,"cssResponseBytes":120678,"numberImageResources":32,"imageResponseBytes":232141,"numberOtherResources":13,"otherResponseBytes":3125},"https://dwolla.com/register":{"score":81,"numberResources":51,"numberStaticResources":23,"speedIndex":1706,"loadTime":7045.5,"renderTime":3228,"pageSize":322091,"numberJsResources":22,"jsResponseBytes":214560,"numberCssResources":3,"cssResponseBytes":13022,"numberImageResources":13,"imageResponseBytes":7512,"numberOtherResources":6,"otherResponseBytes":3128}}