{"https://dwolla.com":{"score":82,"numberResources":54,"numberStaticResources":27,"speedIndex":6844,"loadTime":11752,"renderTime":5929.5,"pageSize":460719,"numberJsResources":9,"jsResponseBytes":74256,"numberCssResources":3,"cssResponseBytes":86892,"numberImageResources":28,"imageResponseBytes":212743,"numberOtherResources":8,"otherResponseBytes":3120},"https://dwolla.com/login":{"score":85,"numberResources":45,"numberStaticResources":18,"speedIndex":5313,"loadTime":7693.5,"renderTime":6016.5,"pageSize":196466,"numberJsResources":15,"jsResponseBytes":89918,"numberCssResources":3,"cssResponseBytes":13156,"numberImageResources":12,"imageResponseBytes":7049,"numberOtherResources":6,"otherResponseBytes":3125},"https://dwolla.com/about":{"score":81,"numberResources":61,"numberStaticResources":23,"speedIndex":5142,"loadTime":8000.5,"renderTime":5926,"pageSize":590565,"numberJsResources":12,"jsResponseBytes":131196,"numberCssResources":4,"cssResponseBytes":137169,"numberImageResources":32,"imageResponseBytes":232131,"numberOtherResources":13,"otherResponseBytes":3125},"https://dwolla.com/register":{"score":81,"numberResources":51,"numberStaticResources":23,"speedIndex":3011,"loadTime":7831.5,"renderTime":4344.5,"pageSize":322882,"numberJsResources":22,"jsResponseBytes":215232,"numberCssResources":3,"cssResponseBytes":13129,"numberImageResources":13,"imageResponseBytes":7299,"numberOtherResources":9,"otherResponseBytes":3128}}