{"https://dwolla.com":{"score":82,"numberResources":54,"numberStaticResources":27,"speedIndex":4454,"loadTime":7368,"renderTime":3519,"pageSize":460834,"numberJsResources":9,"jsResponseBytes":74537,"numberCssResources":3,"cssResponseBytes":86761,"numberImageResources":28,"imageResponseBytes":212712,"numberOtherResources":8,"otherResponseBytes":3120},"https://dwolla.com/login":{"score":85,"numberResources":45,"numberStaticResources":18,"speedIndex":5427,"loadTime":8840.5,"renderTime":6010.5,"pageSize":195079,"numberJsResources":15,"jsResponseBytes":88710,"numberCssResources":3,"cssResponseBytes":13022,"numberImageResources":12,"imageResponseBytes":7006,"numberOtherResources":6,"otherResponseBytes":3125},"https://dwolla.com/about":{"score":81,"numberResources":61,"numberStaticResources":23,"speedIndex":10056,"loadTime":42832.5,"renderTime":33658,"pageSize":590091,"numberJsResources":12,"jsResponseBytes":130805,"numberCssResources":4,"cssResponseBytes":137082,"numberImageResources":32,"imageResponseBytes":232135,"numberOtherResources":13,"otherResponseBytes":3125},"https://dwolla.com/register":{"score":81,"numberResources":51,"numberStaticResources":23,"speedIndex":5417,"loadTime":8903,"renderTime":6243,"pageSize":269393,"numberJsResources":20,"jsResponseBytes":161637,"numberCssResources":3,"cssResponseBytes":12990,"numberImageResources":13,"imageResponseBytes":7515,"numberOtherResources":6,"otherResponseBytes":3128}}