{"https://dwolla.com":{"score":82,"numberResources":54,"numberStaticResources":27,"speedIndex":4575,"loadTime":7269,"renderTime":5495.5,"pageSize":460840,"numberJsResources":9,"jsResponseBytes":74494,"numberCssResources":3,"cssResponseBytes":86805,"numberImageResources":28,"imageResponseBytes":212713,"numberOtherResources":8,"otherResponseBytes":3120},"https://dwolla.com/login":{"score":85,"numberResources":45,"numberStaticResources":18,"speedIndex":5714,"loadTime":7802,"renderTime":6388.5,"pageSize":197974,"numberJsResources":15,"jsResponseBytes":89922,"numberCssResources":3,"cssResponseBytes":14664,"numberImageResources":12,"imageResponseBytes":7047,"numberOtherResources":8,"otherResponseBytes":3125},"https://dwolla.com/about":{"score":81,"numberResources":61,"numberStaticResources":23,"speedIndex":5155,"loadTime":10854,"renderTime":6878.5,"pageSize":572795,"numberJsResources":12,"jsResponseBytes":129894,"numberCssResources":4,"cssResponseBytes":120696,"numberImageResources":32,"imageResponseBytes":232136,"numberOtherResources":14,"otherResponseBytes":3125},"https://dwolla.com/register":{"score":81,"numberResources":51,"numberStaticResources":23,"speedIndex":5114,"loadTime":9464,"renderTime":7625.5,"pageSize":324600,"numberJsResources":22,"jsResponseBytes":215306,"numberCssResources":3,"cssResponseBytes":14522,"numberImageResources":13,"imageResponseBytes":7549,"numberOtherResources":6,"otherResponseBytes":3128}}