{"https://dwolla.com":{"score":82,"numberResources":54,"numberStaticResources":27,"speedIndex":6760,"loadTime":10362.5,"renderTime":6802,"pageSize":443562,"numberJsResources":9,"jsResponseBytes":73592,"numberCssResources":3,"cssResponseBytes":70391,"numberImageResources":28,"imageResponseBytes":212752,"numberOtherResources":8,"otherResponseBytes":3120},"https://dwolla.com/login":{"score":85,"numberResources":45,"numberStaticResources":18,"speedIndex":7019,"loadTime":10297.5,"renderTime":8344,"pageSize":195337,"numberJsResources":15,"jsResponseBytes":88819,"numberCssResources":3,"cssResponseBytes":13122,"numberImageResources":12,"imageResponseBytes":7048,"numberOtherResources":6,"otherResponseBytes":3125},"https://dwolla.com/about":{"score":81,"numberResources":61,"numberStaticResources":23,"speedIndex":9820,"loadTime":19090.5,"renderTime":11237.5,"pageSize":590488,"numberJsResources":12,"jsResponseBytes":131153,"numberCssResources":4,"cssResponseBytes":137146,"numberImageResources":32,"imageResponseBytes":232120,"numberOtherResources":9,"otherResponseBytes":3125},"https://dwolla.com/register":{"score":81,"numberResources":51,"numberStaticResources":23,"speedIndex":17608,"loadTime":22511,"renderTime":20764,"pageSize":270412,"numberJsResources":20,"jsResponseBytes":161855,"numberCssResources":3,"cssResponseBytes":12980,"numberImageResources":13,"imageResponseBytes":7256,"numberOtherResources":6,"otherResponseBytes":3128}}