{"https://dwolla.com":{"score":82,"numberResources":54,"numberStaticResources":27,"speedIndex":4597,"loadTime":7334,"renderTime":5112.5,"pageSize":443439,"numberJsResources":9,"jsResponseBytes":73646,"numberCssResources":3,"cssResponseBytes":70211,"numberImageResources":28,"imageResponseBytes":212755,"numberOtherResources":8,"otherResponseBytes":3120},"https://dwolla.com/login":{"score":85,"numberResources":45,"numberStaticResources":18,"speedIndex":2677,"loadTime":9652,"renderTime":3232.5,"pageSize":193842,"numberJsResources":15,"jsResponseBytes":87479,"numberCssResources":3,"cssResponseBytes":12967,"numberImageResources":12,"imageResponseBytes":7048,"numberOtherResources":6,"otherResponseBytes":3125},"https://dwolla.com/about":{"score":81,"numberResources":61,"numberStaticResources":23,"speedIndex":7043,"loadTime":14060,"renderTime":8491,"pageSize":538793,"numberJsResources":12,"jsResponseBytes":129928,"numberCssResources":3,"cssResponseBytes":86677,"numberImageResources":32,"imageResponseBytes":232121,"numberOtherResources":14,"otherResponseBytes":3125},"https://dwolla.com/register":{"score":81,"numberResources":51,"numberStaticResources":23,"speedIndex":1708,"loadTime":4304,"renderTime":2998,"pageSize":254329,"numberJsResources":18,"jsResponseBytes":155868,"numberCssResources":3,"cssResponseBytes":12995,"numberImageResources":6,"imageResponseBytes":2998,"numberOtherResources":1,"otherResponseBytes":135}}