{"https://dwolla.com":{"score":82,"numberResources":54,"numberStaticResources":27,"speedIndex":2220,"loadTime":5474.5,"renderTime":3141.5,"pageSize":460912,"numberJsResources":9,"jsResponseBytes":74533,"numberCssResources":3,"cssResponseBytes":86797,"numberImageResources":28,"imageResponseBytes":212754,"numberOtherResources":12,"otherResponseBytes":3120},"https://dwolla.com/login":{"score":85,"numberResources":45,"numberStaticResources":18,"speedIndex":1907,"loadTime":4844,"renderTime":4019.5,"pageSize":184549,"numberJsResources":13,"jsResponseBytes":83768,"numberCssResources":3,"cssResponseBytes":16716,"numberImageResources":5,"imageResponseBytes":2494,"numberOtherResources":1,"otherResponseBytes":132},"https://dwolla.com/about":{"score":81,"numberResources":61,"numberStaticResources":23,"speedIndex":2639,"loadTime":8261.5,"renderTime":5480.5,"pageSize":589901,"numberJsResources":12,"jsResponseBytes":130653,"numberCssResources":4,"cssResponseBytes":137019,"numberImageResources":32,"imageResponseBytes":232160,"numberOtherResources":12,"otherResponseBytes":3125},"https://dwolla.com/register":{"score":81,"numberResources":51,"numberStaticResources":23,"speedIndex":11906,"loadTime":20584,"renderTime":13320,"pageSize":319801,"numberJsResources":22,"jsResponseBytes":211936,"numberCssResources":3,"cssResponseBytes":13100,"numberImageResources":13,"imageResponseBytes":7514,"numberOtherResources":6,"otherResponseBytes":3128}}