{"https://dwolla.com":{"score":82,"numberResources":54,"numberStaticResources":27,"speedIndex":1856,"loadTime":7704,"renderTime":2445.5,"pageSize":482947,"numberJsResources":9,"jsResponseBytes":74060,"numberCssResources":3,"cssResponseBytes":86946,"numberImageResources":28,"imageResponseBytes":235371,"numberOtherResources":12,"otherResponseBytes":3120},"https://dwolla.com/login":{"score":85,"numberResources":45,"numberStaticResources":18,"speedIndex":1515,"loadTime":3844.5,"renderTime":2220.5,"pageSize":191136,"numberJsResources":15,"jsResponseBytes":86111,"numberCssResources":3,"cssResponseBytes":11949,"numberImageResources":12,"imageResponseBytes":7019,"numberOtherResources":6,"otherResponseBytes":3125},"https://dwolla.com/about":{"score":81,"numberResources":61,"numberStaticResources":23,"speedIndex":2936,"loadTime":11514,"renderTime":5775.5,"pageSize":610726,"numberJsResources":12,"jsResponseBytes":126777,"numberCssResources":4,"cssResponseBytes":137063,"numberImageResources":32,"imageResponseBytes":257075,"numberOtherResources":8,"otherResponseBytes":3125},"https://dwolla.com/register":{"score":84,"numberResources":48,"numberStaticResources":22,"speedIndex":1106,"loadTime":2283,"renderTime":1508,"pageSize":214080,"numberJsResources":19,"jsResponseBytes":108389,"numberCssResources":3,"cssResponseBytes":11892,"numberImageResources":12,"imageResponseBytes":6982,"numberOtherResources":5,"otherResponseBytes":2993}}