{"https://dwolla.com":{"score":82,"numberResources":54,"numberStaticResources":27,"speedIndex":6786,"loadTime":9362,"renderTime":6829.5,"pageSize":460715,"numberJsResources":10,"jsResponseBytes":74615,"numberCssResources":3,"cssResponseBytes":86854,"numberImageResources":28,"imageResponseBytes":212674,"numberOtherResources":7,"otherResponseBytes":3120},"https://dwolla.com/login":{"score":85,"numberResources":45,"numberStaticResources":18,"speedIndex":2933,"loadTime":7631.5,"renderTime":3613,"pageSize":199844,"numberJsResources":15,"jsResponseBytes":90078,"numberCssResources":3,"cssResponseBytes":16665,"numberImageResources":12,"imageResponseBytes":7012,"numberOtherResources":6,"otherResponseBytes":3125},"https://dwolla.com/about":{"score":81,"numberResources":61,"numberStaticResources":23,"speedIndex":1768,"loadTime":8974.5,"renderTime":3933,"pageSize":589225,"numberJsResources":15,"jsResponseBytes":130101,"numberCssResources":4,"cssResponseBytes":136972,"numberImageResources":35,"imageResponseBytes":232083,"numberOtherResources":7,"otherResponseBytes":3125},"https://dwolla.com/register":{"score":81,"numberResources":51,"numberStaticResources":23,"speedIndex":3608,"loadTime":7172,"renderTime":5998.5,"pageSize":258284,"numberJsResources":18,"jsResponseBytes":156035,"numberCssResources":3,"cssResponseBytes":16795,"numberImageResources":6,"imageResponseBytes":2999,"numberOtherResources":1,"otherResponseBytes":135}}