{"https://dwolla.com":{"score":82,"numberResources":54,"numberStaticResources":27,"speedIndex":13269,"loadTime":20245,"renderTime":13518.5,"pageSize":460755,"numberJsResources":10,"jsResponseBytes":74659,"numberCssResources":3,"cssResponseBytes":86807,"numberImageResources":28,"imageResponseBytes":212717,"numberOtherResources":7,"otherResponseBytes":3120},"https://dwolla.com/login":{"score":85,"numberResources":45,"numberStaticResources":18,"speedIndex":2413,"loadTime":4769,"renderTime":3076.5,"pageSize":200243,"numberJsResources":15,"jsResponseBytes":90182,"numberCssResources":3,"cssResponseBytes":16703,"numberImageResources":12,"imageResponseBytes":7009,"numberOtherResources":6,"otherResponseBytes":3125},"https://dwolla.com/about":{"score":81,"numberResources":61,"numberStaticResources":23,"speedIndex":7937,"loadTime":16440,"renderTime":9762,"pageSize":539713,"numberJsResources":13,"jsResponseBytes":131020,"numberCssResources":3,"cssResponseBytes":86800,"numberImageResources":32,"imageResponseBytes":232079,"numberOtherResources":7,"otherResponseBytes":3125},"https://dwolla.com/register":{"score":81,"numberResources":51,"numberStaticResources":23,"speedIndex":17607,"loadTime":19257.5,"renderTime":18436,"pageSize":268671,"numberJsResources":20,"jsResponseBytes":161042,"numberCssResources":3,"cssResponseBytes":13109,"numberImageResources":13,"imageResponseBytes":7515,"numberOtherResources":6,"otherResponseBytes":3128}}