{"https://dwolla.com":{"score":82,"numberResources":54,"numberStaticResources":27,"speedIndex":2908,"loadTime":5706.5,"renderTime":2501,"pageSize":460011,"numberJsResources":11,"jsResponseBytes":73614,"numberCssResources":3,"cssResponseBytes":86895,"numberImageResources":32,"imageResponseBytes":212678,"numberOtherResources":7,"otherResponseBytes":3120},"https://dwolla.com/login":{"score":85,"numberResources":45,"numberStaticResources":18,"speedIndex":7705,"loadTime":9605,"renderTime":8948.5,"pageSize":184738,"numberJsResources":13,"jsResponseBytes":83942,"numberCssResources":3,"cssResponseBytes":16741,"numberImageResources":5,"imageResponseBytes":2493,"numberOtherResources":1,"otherResponseBytes":132},"https://dwolla.com/about":{"score":81,"numberResources":61,"numberStaticResources":23,"speedIndex":4335,"loadTime":17149,"renderTime":9441,"pageSize":591629,"numberJsResources":14,"jsResponseBytes":132274,"numberCssResources":4,"cssResponseBytes":137173,"numberImageResources":32,"imageResponseBytes":232117,"numberOtherResources":7,"otherResponseBytes":3125},"https://dwolla.com/register":{"score":81,"numberResources":51,"numberStaticResources":23,"speedIndex":1934,"loadTime":6534.5,"renderTime":2672,"pageSize":327187,"numberJsResources":22,"jsResponseBytes":215826,"numberCssResources":3,"cssResponseBytes":16600,"numberImageResources":13,"imageResponseBytes":7515,"numberOtherResources":6,"otherResponseBytes":3128}}