{"https://dwolla.com":{"score":82,"numberResources":54,"numberStaticResources":27,"speedIndex":3290,"loadTime":5761,"renderTime":3864,"pageSize":460111,"numberJsResources":11,"jsResponseBytes":73759,"numberCssResources":3,"cssResponseBytes":86851,"numberImageResources":32,"imageResponseBytes":212677,"numberOtherResources":7,"otherResponseBytes":3120},"https://dwolla.com/login":{"score":85,"numberResources":45,"numberStaticResources":18,"speedIndex":4306,"loadTime":6901,"renderTime":4969,"pageSize":200050,"numberJsResources":15,"jsResponseBytes":89852,"numberCssResources":3,"cssResponseBytes":16847,"numberImageResources":12,"imageResponseBytes":7010,"numberOtherResources":6,"otherResponseBytes":3125},"https://dwolla.com/about":{"score":81,"numberResources":61,"numberStaticResources":23,"speedIndex":4625,"loadTime":13307.5,"renderTime":6599,"pageSize":591424,"numberJsResources":14,"jsResponseBytes":132313,"numberCssResources":4,"cssResponseBytes":136966,"numberImageResources":32,"imageResponseBytes":232080,"numberOtherResources":6,"otherResponseBytes":3125},"https://dwolla.com/register":{"score":81,"numberResources":51,"numberStaticResources":23,"speedIndex":3517,"loadTime":6190,"renderTime":4199.5,"pageSize":270453,"numberJsResources":20,"jsResponseBytes":168228,"numberCssResources":3,"cssResponseBytes":16707,"numberImageResources":6,"imageResponseBytes":3039,"numberOtherResources":1,"otherResponseBytes":135}}