{"https://dwolla.com":{"score":82,"numberResources":54,"numberStaticResources":27,"speedIndex":18891,"loadTime":23348.5,"renderTime":19372,"pageSize":460589,"numberJsResources":10,"jsResponseBytes":74472,"numberCssResources":3,"cssResponseBytes":86828,"numberImageResources":28,"imageResponseBytes":212717,"numberOtherResources":7,"otherResponseBytes":3120},"https://dwolla.com/login":{"score":85,"numberResources":45,"numberStaticResources":18,"speedIndex":1606,"loadTime":3933.5,"renderTime":3008.5,"pageSize":200097,"numberJsResources":15,"jsResponseBytes":90051,"numberCssResources":3,"cssResponseBytes":16731,"numberImageResources":12,"imageResponseBytes":6967,"numberOtherResources":6,"otherResponseBytes":3125},"https://dwolla.com/about":{"score":81,"numberResources":61,"numberStaticResources":23,"speedIndex":2039,"loadTime":7529,"renderTime":3706,"pageSize":591549,"numberJsResources":15,"jsResponseBytes":132363,"numberCssResources":4,"cssResponseBytes":137040,"numberImageResources":35,"imageResponseBytes":232079,"numberOtherResources":7,"otherResponseBytes":3125},"https://dwolla.com/register":{"score":81,"numberResources":51,"numberStaticResources":23,"speedIndex":5008,"loadTime":9913.5,"renderTime":7321.5,"pageSize":258400,"numberJsResources":18,"jsResponseBytes":156117,"numberCssResources":3,"cssResponseBytes":16837,"numberImageResources":6,"imageResponseBytes":2999,"numberOtherResources":1,"otherResponseBytes":135}}