{"https://dwolla.com":{"score":82,"numberResources":53,"numberStaticResources":27,"speedIndex":3603,"loadTime":7026,"renderTime":3861,"pageSize":459799,"numberJsResources":10,"jsResponseBytes":73641,"numberCssResources":3,"cssResponseBytes":86905,"numberImageResources":28,"imageResponseBytes":212679,"numberOtherResources":7,"otherResponseBytes":3120},"https://dwolla.com/login":{"score":85,"numberResources":45,"numberStaticResources":18,"speedIndex":2905,"loadTime":5672,"renderTime":3806,"pageSize":195653,"numberJsResources":20,"jsResponseBytes":89428,"numberCssResources":3,"cssResponseBytes":13172,"numberImageResources":12,"imageResponseBytes":6969,"numberOtherResources":7,"otherResponseBytes":3125},"https://dwolla.com/about":{"score":81,"numberResources":61,"numberStaticResources":23,"speedIndex":3378,"loadTime":7829,"renderTime":4115.5,"pageSize":590441,"numberJsResources":15,"jsResponseBytes":131549,"numberCssResources":4,"cssResponseBytes":137000,"numberImageResources":35,"imageResponseBytes":232078,"numberOtherResources":7,"otherResponseBytes":3125},"https://dwolla.com/register":{"score":81,"numberResources":51,"numberStaticResources":23,"speedIndex":2108,"loadTime":3937.5,"renderTime":2975.5,"pageSize":269718,"numberJsResources":20,"jsResponseBytes":162146,"numberCssResources":3,"cssResponseBytes":13051,"numberImageResources":13,"imageResponseBytes":7512,"numberOtherResources":6,"otherResponseBytes":3128}}