{"https://dwolla.com":{"score":82,"numberResources":54,"numberStaticResources":27,"speedIndex":3880,"loadTime":9626.5,"renderTime":3365,"pageSize":460018,"numberJsResources":11,"jsResponseBytes":73684,"numberCssResources":3,"cssResponseBytes":86828,"numberImageResources":32,"imageResponseBytes":212678,"numberOtherResources":7,"otherResponseBytes":3120},"https://dwolla.com/login":{"score":85,"numberResources":45,"numberStaticResources":18,"speedIndex":5315,"loadTime":8256.5,"renderTime":6691.5,"pageSize":196197,"numberJsResources":15,"jsResponseBytes":90082,"numberCssResources":3,"cssResponseBytes":13007,"numberImageResources":12,"imageResponseBytes":7013,"numberOtherResources":6,"otherResponseBytes":3125},"https://dwolla.com/about":{"score":81,"numberResources":61,"numberStaticResources":23,"speedIndex":1890,"loadTime":8348.5,"renderTime":4685.5,"pageSize":590856,"numberJsResources":15,"jsResponseBytes":131649,"numberCssResources":4,"cssResponseBytes":137058,"numberImageResources":35,"imageResponseBytes":232081,"numberOtherResources":7,"otherResponseBytes":3125},"https://dwolla.com/register":{"score":81,"numberResources":51,"numberStaticResources":23,"speedIndex":5005,"loadTime":6409.5,"renderTime":5649.5,"pageSize":268434,"numberJsResources":20,"jsResponseBytes":160684,"numberCssResources":3,"cssResponseBytes":13019,"numberImageResources":13,"imageResponseBytes":7476,"numberOtherResources":6,"otherResponseBytes":3128}}