{"https://dwolla.com":{"score":82,"numberResources":54,"numberStaticResources":27,"speedIndex":1990,"loadTime":4334.5,"renderTime":2469,"pageSize":444178,"numberJsResources":10,"jsResponseBytes":74500,"numberCssResources":3,"cssResponseBytes":70425,"numberImageResources":28,"imageResponseBytes":212679,"numberOtherResources":7,"otherResponseBytes":3120},"https://dwolla.com/login":{"score":85,"numberResources":45,"numberStaticResources":18,"speedIndex":3014,"loadTime":6767.5,"renderTime":4337.5,"pageSize":196440,"numberJsResources":15,"jsResponseBytes":90115,"numberCssResources":3,"cssResponseBytes":12967,"numberImageResources":12,"imageResponseBytes":7013,"numberOtherResources":6,"otherResponseBytes":3125},"https://dwolla.com/about":{"score":81,"numberResources":61,"numberStaticResources":23,"speedIndex":5232,"loadTime":13833,"renderTime":7432.5,"pageSize":524685,"numberJsResources":13,"jsResponseBytes":132202,"numberCssResources":3,"cssResponseBytes":70294,"numberImageResources":32,"imageResponseBytes":232120,"numberOtherResources":7,"otherResponseBytes":3125},"https://dwolla.com/register":{"score":81,"numberResources":51,"numberStaticResources":23,"speedIndex":3510,"loadTime":5845,"renderTime":4166,"pageSize":268951,"numberJsResources":20,"jsResponseBytes":161155,"numberCssResources":3,"cssResponseBytes":13058,"numberImageResources":13,"imageResponseBytes":7515,"numberOtherResources":6,"otherResponseBytes":3128}}