{"https://dwolla.com":{"score":82,"numberResources":54,"numberStaticResources":27,"speedIndex":2116,"loadTime":6126,"renderTime":2362,"pageSize":443235,"numberJsResources":11,"jsResponseBytes":73586,"numberCssResources":3,"cssResponseBytes":70366,"numberImageResources":32,"imageResponseBytes":212713,"numberOtherResources":7,"otherResponseBytes":3120},"https://dwolla.com/login":{"score":85,"numberResources":45,"numberStaticResources":18,"speedIndex":1632,"loadTime":6330,"renderTime":3000.5,"pageSize":194417,"numberJsResources":15,"jsResponseBytes":88093,"numberCssResources":3,"cssResponseBytes":12972,"numberImageResources":12,"imageResponseBytes":7011,"numberOtherResources":6,"otherResponseBytes":3125},"https://dwolla.com/about":{"score":81,"numberResources":61,"numberStaticResources":23,"speedIndex":2040,"loadTime":6287.5,"renderTime":2799,"pageSize":540911,"numberJsResources":15,"jsResponseBytes":131897,"numberCssResources":3,"cssResponseBytes":86871,"numberImageResources":35,"imageResponseBytes":232078,"numberOtherResources":7,"otherResponseBytes":3125},"https://dwolla.com/register":{"score":81,"numberResources":51,"numberStaticResources":23,"speedIndex":11222,"loadTime":25456,"renderTime":12231,"pageSize":321940,"numberJsResources":22,"jsResponseBytes":214199,"numberCssResources":3,"cssResponseBytes":12976,"numberImageResources":13,"imageResponseBytes":7516,"numberOtherResources":6,"otherResponseBytes":3128}}