{"https://dwolla.com":{"score":82,"numberResources":54,"numberStaticResources":27,"speedIndex":2038,"loadTime":4533.5,"renderTime":2350,"pageSize":470254,"numberJsResources":10,"jsResponseBytes":74579,"numberCssResources":3,"cssResponseBytes":94112,"numberImageResources":28,"imageResponseBytes":214738,"numberOtherResources":7,"otherResponseBytes":3120},"https://dwolla.com/login":{"score":85,"numberResources":45,"numberStaticResources":18,"speedIndex":1705,"loadTime":2961,"renderTime":2349.5,"pageSize":198752,"numberJsResources":15,"jsResponseBytes":90183,"numberCssResources":3,"cssResponseBytes":15260,"numberImageResources":12,"imageResponseBytes":6971,"numberOtherResources":6,"otherResponseBytes":3125},"https://dwolla.com/about":{"score":81,"numberResources":61,"numberStaticResources":23,"speedIndex":3533,"loadTime":5158.5,"renderTime":4189,"pageSize":602521,"numberJsResources":15,"jsResponseBytes":131217,"numberCssResources":4,"cssResponseBytes":149154,"numberImageResources":35,"imageResponseBytes":232081,"numberOtherResources":7,"otherResponseBytes":3125},"https://dwolla.com/register":{"score":81,"numberResources":51,"numberStaticResources":23,"speedIndex":1807,"loadTime":3578,"renderTime":2643.5,"pageSize":255165,"numberJsResources":18,"jsResponseBytes":154675,"numberCssResources":3,"cssResponseBytes":15022,"numberImageResources":6,"imageResponseBytes":2998,"numberOtherResources":1,"otherResponseBytes":135}}