{"https://dwolla.com":{"score":82,"numberResources":54,"numberStaticResources":27,"speedIndex":4340,"loadTime":7555.5,"renderTime":5148,"pageSize":482540,"numberJsResources":9,"jsResponseBytes":73848,"numberCssResources":3,"cssResponseBytes":86747,"numberImageResources":28,"imageResponseBytes":235371,"numberOtherResources":13,"otherResponseBytes":3120},"https://dwolla.com/login":{"score":85,"numberResources":45,"numberStaticResources":18,"speedIndex":2816,"loadTime":5727,"renderTime":3676.5,"pageSize":194961,"numberJsResources":15,"jsResponseBytes":89731,"numberCssResources":3,"cssResponseBytes":11888,"numberImageResources":12,"imageResponseBytes":7021,"numberOtherResources":6,"otherResponseBytes":3125},"https://dwolla.com/about":{"score":81,"numberResources":61,"numberStaticResources":23,"speedIndex":2997,"loadTime":7617,"renderTime":3708.5,"pageSize":610260,"numberJsResources":12,"jsResponseBytes":126158,"numberCssResources":4,"cssResponseBytes":136995,"numberImageResources":32,"imageResponseBytes":257038,"numberOtherResources":13,"otherResponseBytes":3125},"https://dwolla.com/register":{"score":84,"numberResources":48,"numberStaticResources":22,"speedIndex":3114,"loadTime":10020,"renderTime":3579.5,"pageSize":217891,"numberJsResources":19,"jsResponseBytes":112324,"numberCssResources":3,"cssResponseBytes":11751,"numberImageResources":12,"imageResponseBytes":7025,"numberOtherResources":5,"otherResponseBytes":2993}}