{"https://dwolla.com":{"score":82,"numberResources":54,"numberStaticResources":27,"speedIndex":2048,"loadTime":6229.5,"renderTime":2493.5,"pageSize":451427,"numberJsResources":10,"jsResponseBytes":73784,"numberCssResources":3,"cssResponseBytes":76076,"numberImageResources":28,"imageResponseBytes":214739,"numberOtherResources":7,"otherResponseBytes":3120},"https://dwolla.com/login":{"score":85,"numberResources":45,"numberStaticResources":18,"speedIndex":1511,"loadTime":10005.5,"renderTime":2235.5,"pageSize":196394,"numberJsResources":15,"jsResponseBytes":90028,"numberCssResources":3,"cssResponseBytes":13011,"numberImageResources":12,"imageResponseBytes":7010,"numberOtherResources":6,"otherResponseBytes":3125},"https://dwolla.com/about":{"score":81,"numberResources":61,"numberStaticResources":23,"speedIndex":3538,"loadTime":7438.5,"renderTime":4304.5,"pageSize":603056,"numberJsResources":15,"jsResponseBytes":131518,"numberCssResources":4,"cssResponseBytes":149390,"numberImageResources":36,"imageResponseBytes":232079,"numberOtherResources":7,"otherResponseBytes":3125},"https://dwolla.com/register":{"score":81,"numberResources":51,"numberStaticResources":23,"speedIndex":2318,"loadTime":6821.5,"renderTime":3703.5,"pageSize":323952,"numberJsResources":22,"jsResponseBytes":216243,"numberCssResources":3,"cssResponseBytes":12938,"numberImageResources":13,"imageResponseBytes":7517,"numberOtherResources":6,"otherResponseBytes":3128}}