{"https://dwolla.com":{"score":82,"numberResources":54,"numberStaticResources":27,"speedIndex":3734,"loadTime":8495.5,"renderTime":4100.5,"pageSize":484531,"numberJsResources":10,"jsResponseBytes":74349,"numberCssResources":3,"cssResponseBytes":94115,"numberImageResources":28,"imageResponseBytes":229492,"numberOtherResources":7,"otherResponseBytes":3120},"https://dwolla.com/login":{"score":85,"numberResources":45,"numberStaticResources":18,"speedIndex":8318,"loadTime":10920.5,"renderTime":8896.5,"pageSize":196372,"numberJsResources":15,"jsResponseBytes":89955,"numberCssResources":3,"cssResponseBytes":13097,"numberImageResources":12,"imageResponseBytes":6972,"numberOtherResources":6,"otherResponseBytes":3125},"https://dwolla.com/about":{"score":81,"numberResources":61,"numberStaticResources":23,"speedIndex":4931,"loadTime":10648,"renderTime":5606.5,"pageSize":548661,"numberJsResources":13,"jsResponseBytes":132239,"numberCssResources":3,"cssResponseBytes":94174,"numberImageResources":32,"imageResponseBytes":232115,"numberOtherResources":7,"otherResponseBytes":3125},"https://dwolla.com/register":{"score":81,"numberResources":51,"numberStaticResources":23,"speedIndex":2807,"loadTime":8467,"renderTime":3691.5,"pageSize":323033,"numberJsResources":22,"jsResponseBytes":215264,"numberCssResources":3,"cssResponseBytes":13000,"numberImageResources":13,"imageResponseBytes":7516,"numberOtherResources":6,"otherResponseBytes":3128}}