{"https://dwolla.com":{"score":82,"numberResources":54,"numberStaticResources":27,"speedIndex":5052,"loadTime":7909,"renderTime":5273,"pageSize":466472,"numberJsResources":9,"jsResponseBytes":74259,"numberCssResources":3,"cssResponseBytes":70269,"numberImageResources":28,"imageResponseBytes":235371,"numberOtherResources":8,"otherResponseBytes":3120},"https://dwolla.com/login":{"score":85,"numberResources":45,"numberStaticResources":18,"speedIndex":1730,"loadTime":5390,"renderTime":2335,"pageSize":194487,"numberJsResources":15,"jsResponseBytes":89605,"numberCssResources":3,"cssResponseBytes":11797,"numberImageResources":12,"imageResponseBytes":7023,"numberOtherResources":6,"otherResponseBytes":3125},"https://dwolla.com/about":{"score":81,"numberResources":61,"numberStaticResources":23,"speedIndex":4759,"loadTime":10025,"renderTime":6160.5,"pageSize":609748,"numberJsResources":12,"jsResponseBytes":125909,"numberCssResources":4,"cssResponseBytes":136988,"numberImageResources":32,"imageResponseBytes":257038,"numberOtherResources":13,"otherResponseBytes":3125},"https://dwolla.com/register":{"score":84,"numberResources":48,"numberStaticResources":22,"speedIndex":1206,"loadTime":5656,"renderTime":2375.5,"pageSize":271042,"numberJsResources":21,"jsResponseBytes":165229,"numberCssResources":3,"cssResponseBytes":11964,"numberImageResources":12,"imageResponseBytes":7023,"numberOtherResources":5,"otherResponseBytes":2993}}