{"https://dwolla.com":{"score":82,"numberResources":54,"numberStaticResources":27,"speedIndex":17344,"loadTime":27529,"renderTime":19709,"pageSize":482691,"numberJsResources":9,"jsResponseBytes":74013,"numberCssResources":3,"cssResponseBytes":86732,"numberImageResources":28,"imageResponseBytes":235373,"numberOtherResources":12,"otherResponseBytes":3120},"https://dwolla.com/login":{"score":85,"numberResources":45,"numberStaticResources":18,"speedIndex":5807,"loadTime":7920,"renderTime":7053,"pageSize":179352,"numberJsResources":13,"jsResponseBytes":83295,"numberCssResources":3,"cssResponseBytes":11988,"numberImageResources":5,"imageResponseBytes":2533,"numberOtherResources":1,"otherResponseBytes":132},"https://dwolla.com/about":{"score":81,"numberResources":61,"numberStaticResources":23,"speedIndex":3035,"loadTime":8574.5,"renderTime":4974,"pageSize":609702,"numberJsResources":12,"jsResponseBytes":125853,"numberCssResources":4,"cssResponseBytes":136995,"numberImageResources":32,"imageResponseBytes":257039,"numberOtherResources":13,"otherResponseBytes":3125},"https://dwolla.com/register":{"score":84,"numberResources":48,"numberStaticResources":22,"speedIndex":1312,"loadTime":4746.5,"renderTime":3262,"pageSize":214363,"numberJsResources":19,"jsResponseBytes":108260,"numberCssResources":3,"cssResponseBytes":11991,"numberImageResources":12,"imageResponseBytes":7023,"numberOtherResources":5,"otherResponseBytes":2993}}