{"https://dwolla.com":{"score":82,"numberResources":54,"numberStaticResources":27,"speedIndex":3080,"loadTime":10044.5,"renderTime":5261,"pageSize":482933,"numberJsResources":9,"jsResponseBytes":74315,"numberCssResources":3,"cssResponseBytes":86674,"numberImageResources":28,"imageResponseBytes":235370,"numberOtherResources":12,"otherResponseBytes":3120},"https://dwolla.com/login":{"score":85,"numberResources":45,"numberStaticResources":18,"speedIndex":1720,"loadTime":4998.5,"renderTime":2304,"pageSize":198085,"numberJsResources":15,"jsResponseBytes":90061,"numberCssResources":3,"cssResponseBytes":14941,"numberImageResources":12,"imageResponseBytes":7019,"numberOtherResources":6,"otherResponseBytes":3125},"https://dwolla.com/about":{"score":81,"numberResources":61,"numberStaticResources":23,"speedIndex":8939,"loadTime":13803,"renderTime":9985.5,"pageSize":594626,"numberJsResources":12,"jsResponseBytes":126280,"numberCssResources":4,"cssResponseBytes":121492,"numberImageResources":32,"imageResponseBytes":257039,"numberOtherResources":14,"otherResponseBytes":3125},"https://dwolla.com/register":{"score":84,"numberResources":48,"numberStaticResources":22,"speedIndex":2208,"loadTime":3534,"renderTime":2679.5,"pageSize":268341,"numberJsResources":21,"jsResponseBytes":162529,"numberCssResources":3,"cssResponseBytes":11935,"numberImageResources":12,"imageResponseBytes":6835,"numberOtherResources":5,"otherResponseBytes":2993}}