{"https://dwolla.com":{"score":82,"numberResources":54,"numberStaticResources":27,"speedIndex":15825,"loadTime":23704.5,"renderTime":20630.5,"pageSize":483636,"numberJsResources":9,"jsResponseBytes":74632,"numberCssResources":3,"cssResponseBytes":86806,"numberImageResources":28,"imageResponseBytes":235370,"numberOtherResources":8,"otherResponseBytes":3120},"https://dwolla.com/login":{"score":85,"numberResources":45,"numberStaticResources":18,"speedIndex":3006,"loadTime":4912.5,"renderTime":4261.5,"pageSize":198198,"numberJsResources":15,"jsResponseBytes":90285,"numberCssResources":3,"cssResponseBytes":14926,"numberImageResources":12,"imageResponseBytes":6922,"numberOtherResources":6,"otherResponseBytes":3125},"https://dwolla.com/about":{"score":81,"numberResources":61,"numberStaticResources":23,"speedIndex":4697,"loadTime":8124,"renderTime":5258.5,"pageSize":614551,"numberJsResources":12,"jsResponseBytes":130527,"numberCssResources":4,"cssResponseBytes":136937,"numberImageResources":32,"imageResponseBytes":257018,"numberOtherResources":9,"otherResponseBytes":3125},"https://dwolla.com/register":{"score":84,"numberResources":49,"numberStaticResources":22,"speedIndex":1608,"loadTime":3695.5,"renderTime":2236,"pageSize":218613,"numberJsResources":19,"jsResponseBytes":112417,"numberCssResources":3,"cssResponseBytes":11968,"numberImageResources":12,"imageResponseBytes":7023,"numberOtherResources":6,"otherResponseBytes":3128}}