{"https://dwolla.com":{"score":82,"numberResources":54,"numberStaticResources":27,"speedIndex":7212,"loadTime":12915.5,"renderTime":4836,"pageSize":483517,"numberJsResources":9,"jsResponseBytes":74722,"numberCssResources":3,"cssResponseBytes":86867,"numberImageResources":28,"imageResponseBytes":235104,"numberOtherResources":12,"otherResponseBytes":3120},"https://dwolla.com/login":{"score":85,"numberResources":45,"numberStaticResources":18,"speedIndex":5004,"loadTime":6267.5,"renderTime":5634,"pageSize":196284,"numberJsResources":15,"jsResponseBytes":90146,"numberCssResources":3,"cssResponseBytes":11922,"numberImageResources":12,"imageResponseBytes":6831,"numberOtherResources":6,"otherResponseBytes":3125},"https://dwolla.com/about":{"score":81,"numberResources":61,"numberStaticResources":23,"speedIndex":6559,"loadTime":12663.5,"renderTime":7215.5,"pageSize":614514,"numberJsResources":12,"jsResponseBytes":130595,"numberCssResources":4,"cssResponseBytes":137076,"numberImageResources":32,"imageResponseBytes":257032,"numberOtherResources":9,"otherResponseBytes":3125},"https://dwolla.com/register":{"score":81,"numberResources":51,"numberStaticResources":23,"speedIndex":3208,"loadTime":4842,"renderTime":3971,"pageSize":266803,"numberJsResources":20,"jsResponseBytes":160189,"numberCssResources":3,"cssResponseBytes":11914,"numberImageResources":13,"imageResponseBytes":7486,"numberOtherResources":6,"otherResponseBytes":3128}}