{"https://dwolla.com":{"score":82,"numberResources":54,"numberStaticResources":27,"speedIndex":3325,"loadTime":5677,"renderTime":4107.5,"pageSize":460974,"numberJsResources":9,"jsResponseBytes":74632,"numberCssResources":3,"cssResponseBytes":86801,"numberImageResources":28,"imageResponseBytes":212713,"numberOtherResources":12,"otherResponseBytes":3120},"https://dwolla.com/login":{"score":85,"numberResources":45,"numberStaticResources":18,"speedIndex":4607,"loadTime":10671.5,"renderTime":9860.5,"pageSize":196455,"numberJsResources":15,"jsResponseBytes":90212,"numberCssResources":3,"cssResponseBytes":13147,"numberImageResources":12,"imageResponseBytes":7006,"numberOtherResources":6,"otherResponseBytes":3125},"https://dwolla.com/about":{"score":81,"numberResources":61,"numberStaticResources":23,"speedIndex":2305,"loadTime":24981.5,"renderTime":3752.5,"pageSize":589588,"numberJsResources":12,"jsResponseBytes":130243,"numberCssResources":4,"cssResponseBytes":137137,"numberImageResources":32,"imageResponseBytes":232139,"numberOtherResources":13,"otherResponseBytes":3125},"https://dwolla.com/register":{"score":81,"numberResources":51,"numberStaticResources":23,"speedIndex":4913,"loadTime":9002,"renderTime":7018.5,"pageSize":322734,"numberJsResources":22,"jsResponseBytes":215204,"numberCssResources":3,"cssResponseBytes":12968,"numberImageResources":13,"imageResponseBytes":7553,"numberOtherResources":6,"otherResponseBytes":3128}}